,genre_ids,id,popularity,release_date,title,vote_average,vote_count
0,"[12, 878, 28]",299534,240.886,2019-04-24,Avengers: Endgame,8.255,24867
1,"[878, 12, 28]",447365,169.896,2023-05-03,Guardians of the Galaxy Vol. 3,7.972,6262
2,"[12, 878, 28]",299534,240.886,2019-04-24,Avengers: Endgame,8.255,24867
3,"[28, 12, 878]",429617,124.72,2019-06-28,Spider-Man: Far From Home,7.4,15144
4,"[16, 28, 12, 878]",569094,187.181,2023-05-31,Spider-Man: Across the Spider-Verse,8.366,6265
5,"[28, 12, 878]",1930,138.079,2012-06-23,The Amazing Spider-Man,6.7,16878
6,"[18, 10749]",76,46.182,1995-01-27,Before Sunrise,7.97,3946
7,"[18, 10749]",76,46.182,1995-01-27,Before Sunrise,7.97,3946
8,"[878, 10749, 35]",792307,264.1,2023-12-07,Poor Things,7.792,3355
9,"[16, 28, 12, 878]",569094,187.181,2023-05-31,Spider-Man: Across the Spider-Verse,8.366,6265
10,"[12, 28, 35]",9486,30.584,2003-03-14,Johnny English,6.276,3308
11,"[12, 28, 878]",299536,301.378,2018-04-25,Avengers: Infinity War,8.246,28876
12,"[28, 18]",361743,144.42,2022-05-21,Top Gun: Maverick,8.221,8587
13,"[28, 878]",603,575.344,1999-03-31,The Matrix,8.215,24874
14,"[12, 28, 878]",333339,78.571,2018-03-28,Ready Player One,7.6,15069
15,"[35, 80, 9648]",661374,89.459,2022-11-12,Glass Onion: A Knives Out Mystery,7.047,5137
16,"[28, 12, 14]",284052,436.23,2016-10-25,Doctor Strange,7.423,21583
17,"[18, 36]",872585,746.474,2023-07-19,Oppenheimer,8.1,8026
18,"[16, 12, 14, 35, 28, 10751]",315162,188.621,2022-12-07,Puss in Boots: The Last Wish,8.2,7256
19,"[12, 28, 878]",299536,301.378,2018-04-25,Avengers: Infinity War,8.246,28876
20,[],891850,0.543,2021-11-11,Amélie,0.0,0
21,"[28, 53, 878]",752,70.199,2006-02-23,V for Vendetta,7.9,14074
22,"[27, 878]",348,540.643,1979-05-25,Alien,8.153,13940
23,[],407934,1.912,2012-07-31,Mathilda,7.4,8
24,"[10751, 14, 35]",252,74.961,1971-06-29,Willy Wonka & the Chocolate Factory,7.503,3419
25,"[12, 14]",671,200.839,2001-11-16,Harry Potter and the Philosopher's Stone,7.913,26544
26,"[16, 10751, 878]",10681,93.763,2008-06-22,WALL·E,8.088,18208
27,"[28, 12, 878]",545611,99.357,2022-03-24,Everything Everywhere All at Once,7.791,6054
28,"[10751, 16, 35, 14]",481084,60.457,2019-10-10,The Addams Family,6.621,2223
29,"[12, 878, 28]",299534,240.886,2019-04-24,Avengers: Endgame,8.255,24867
30,"[16, 10751, 12, 18, 35]",150540,226.112,2015-06-09,Inside Out,7.9,20314
31,"[18, 10749]",597,160.021,1997-11-18,Titanic,7.905,24638
32,"[35, 27, 53]",567609,214.365,2019-08-21,Ready or Not,7.1,4170
33,"[10770, 80, 18, 14, 53, 16]",51482,28.604,2007-08-31,Death Note Relight 1: Visions of a God,8.1,291
34,"[16, 28, 14]",1216221,540.767,2024-02-02,Demon Slayer: Kimetsu no Yaiba -To the Hashira Training-,6.312,213
35,"[9648, 53, 18]",210577,114.341,2014-10-01,Gone Girl,7.892,18095
36,[18],84892,39.28,2012-09-20,The Perks of Being a Wallflower,7.791,10176
37,"[28, 12, 14]",209112,92.868,2016-03-23,Batman v Superman: Dawn of Justice,5.966,17577
38,"[28, 878, 12]",1726,172.535,2008-04-30,Iron Man,7.644,25736
39,"[35, 18]",937278,99.747,2022-12-28,A Man Called Otto,7.761,2351
40,"[878, 12, 14]",70160,50.003,2012-03-12,The Hunger Games,7.2,21435
41,"[16, 10751, 12, 18, 35]",150540,226.112,2015-06-09,Inside Out,7.9,20314
42,"[35, 10749]",8835,66.642,2001-07-13,Legally Blonde,6.755,3808
43,"[28, 12, 878]",1930,138.079,2012-06-23,The Amazing Spider-Man,6.7,16878
44,"[16, 12, 35, 10751]",342473,52.825,2016-12-14,Ballerina,7.2,1817
45,"[27, 53]",663712,115.083,2022-10-06,Terrifier 2,6.766,1638
46,"[80, 53]",158011,36.842,2013-03-14,The Call,6.798,2805
47,"[27, 53, 9648]",83899,21.274,2013-08-22,You're Next,6.6,2385
48,[35],673593,155.458,2024-01-10,Mean Girls,6.115,375
49,"[35, 12]",346698,569.353,2023-07-19,Barbie,7.1,8238
50,"[16, 28, 12, 878]",324857,113.278,2018-12-06,Spider-Man: Into the Spider-Verse,8.404,14998
51,"[16, 10749, 14, 10751]",10198,85.17,2009-12-08,The Princess and the Frog,7.205,5336
52,"[10749, 14, 16]",3933,84.877,2005-09-12,Corpse Bride,7.553,8757
53,"[16, 12, 35, 10751, 28, 14]",62177,87.569,2012-06-21,Brave,7.017,13031
54,"[10749, 10751, 16, 14]",10020,88.646,1991-10-22,Beauty and the Beast,7.735,9631
55,"[18, 16, 10749, 10752]",149870,57.641,2013-07-20,The Wind Rises,7.8,2863
56,"[35, 10402, 10749, 18]",198277,27.361,2013-09-07,Begin Again,7.24,3667
57,"[18, 10749, 16]",449132,17.457,2017-07-28,Let Me Eat Your Pancreas,6.8,88
58,"[14, 16, 18, 878]",14069,25.814,2006-07-15,The Girl Who Leapt Through Time,7.78,1951
59,"[12, 28, 878]",10138,540.666,2010-04-28,Iron Man 2,6.84,20448
60,[35],18785,109.731,2009-06-02,The Hangover,7.321,16382
61,"[28, 12, 35]",293660,528.249,2016-02-09,Deadpool,7.613,29882
62,"[9648, 53, 27]",576845,44.237,2021-10-21,Last Night in Soho,7.343,3145
63,"[12, 35, 10751, 14]",118,105.767,2005-07-13,Charlie and the Chocolate Factory,7.052,14721
64,"[28, 12, 80, 9648]",10528,67.403,2009-12-23,Sherlock Holmes,7.211,13585
65,"[28, 35, 12, 10752]",7446,82.203,2008-08-09,Tropic Thunder,6.664,5906
66,"[35, 10749]",930094,80.161,2023-07-27,"Red, White & Royal Blue",8.013,1129
67,"[80, 18, 53]",274,19.098,1991-02-14,The Silence of the Lambs,8.347,15757
68,"[80, 35, 28, 12]",207703,111.773,2014-12-13,Kingsman: The Secret Service,7.634,16205
69,"[18, 35]",20453,52.737,2009-12-23,3 Idiots,7.991,2270
70,"[16, 35, 10751]",1267,62.999,2007-03-23,Meet the Robinsons,6.906,2730
71,"[10751, 16, 35, 12]",82690,92.822,2012-11-01,Wreck-It Ralph,7.337,11968
72,"[18, 10751]",480651,13.913,2017-10-11,Seven Sundays,8.1,11
73,"[16, 28, 14]",810693,80.986,2021-12-24,Jujutsu Kaisen 0,8.198,1279
74,"[9648, 53, 18]",210577,114.341,2014-10-01,Gone Girl,7.892,18095
75,"[16, 12, 28, 14, 10402]",900667,70.332,2022-08-06,One Piece Film Red,7.3,901
76,"[12, 9648, 80]",497582,44.149,2020-09-23,Enola Holmes,7.288,5830
77,"[18, 10751]",480651,13.913,2017-10-11,Seven Sundays,8.1,11
78,"[35, 12]",346698,569.353,2023-07-19,Barbie,7.1,8238
79,"[27, 53, 28, 12]",396535,89.327,2016-07-20,Train to Busan,7.752,7096
80,[18],316029,105.261,2017-12-20,The Greatest Showman,7.9,9138
81,"[12, 878, 28]",299534,240.886,2019-04-24,Avengers: Endgame,8.255,24868
82,"[12, 14]",671,200.839,2001-11-16,Harry Potter and the Philosopher's Stone,7.913,26544
83,"[18, 10749]",331482,63.688,2019-12-25,Little Women,7.885,6037
84,"[18, 10749]",153,99.476,2003-09-18,Lost in Translation,7.395,7058
85,"[12, 14]",675,121.808,2007-07-08,Harry Potter and the Order of the Phoenix,7.7,18906
86,"[27, 18, 9648]",530385,62.694,2019-07-03,Midsommar,7.162,6729
87,"[10749, 18]",43949,41.596,2010-08-06,Flipped,8.003,2835
88,[35],133688,7.773,2003-12-25,Crying Ladies,4.7,7
89,"[53, 18, 9648]",434376,6.112,2017-08-16,Birdshot,6.3,30
90,"[16, 12, 35, 10751, 14]",228326,48.689,2014-10-01,The Book of Life,7.543,2570
91,"[35, 18, 10749]",13971,46.562,2008-08-15,Wild Child,6.717,1798
92,"[18, 16, 10749, 10752]",149870,57.641,2013-07-20,The Wind Rises,7.8,2863
93,"[10749, 14, 10751, 18]",150689,117.491,2015-03-06,Cinderella,6.813,6906
94,"[10749, 10751, 16, 14]",10020,88.646,1991-10-22,Beauty and the Beast,7.735,9631
95,"[16, 10751, 14]",129,123.774,2001-07-20,Spirited Away,8.537,15912
96,"[35, 10751, 10749]",9880,57.067,2001-08-03,The Princess Diaries,6.951,4770
97,"[10749, 18]",1029484,5.774,2023-03-03,"And Yet, You Are So Sweet",6.0,1
98,[35],673593,155.458,2024-01-10,Mean Girls,6.115,375
99,"[10751, 14, 12]",12155,91.75,2010-03-03,Alice in Wonderland,6.6,13563
100,"[16, 10751, 12, 14]",109445,107.936,2013-11-20,Frozen,7.2,16069
101,"[16, 35, 10751, 14]",568124,150.981,2021-10-13,Encanto,7.6,9159
102,"[16, 12, 10751, 35]",269149,146.974,2016-02-11,Zootopia,7.747,15827
103,"[16, 10751, 35, 14]",508947,537.84,2022-03-10,Turning Red,7.389,4947
104,"[35, 12]",346698,569.353,2023-07-19,Barbie,7.1,8238
105,"[12, 10751, 16, 28, 35]",177572,131.083,2014-10-24,Big Hero 6,7.7,15202
106,"[878, 12, 14]",70160,50.003,2012-03-12,The Hunger Games,7.2,21435
107,"[80, 35, 28]",402900,264.966,2018-06-07,Ocean's Eight,6.985,8079
108,"[80, 35, 28, 12]",207703,111.773,2014-12-13,Kingsman: The Secret Service,7.634,16205
109,"[35, 10749]",455207,167.056,2018-08-15,Crazy Rich Asians,7.066,3513
110,"[35, 10749]",8835,66.642,2001-07-13,Legally Blonde,6.755,3808
111,[18],88583,8.254,1971-02-23,The Pursuit of Happiness,6.3,12
112,"[18, 878, 28]",695721,163.821,2023-11-15,The Hunger Games: The Ballad of Songbirds & Snakes,7.167,2171
113,"[27, 35, 10749]",82654,38.036,2013-01-31,Warm Bodies,6.447,5908
114,"[28, 878]",603,575.344,1999-03-31,The Matrix,8.215,24875
115,"[35, 80, 9648]",546554,112.752,2019-11-27,Knives Out,7.85,11837
116,"[10749, 18]",43949,41.596,2010-08-06,Flipped,8.003,2835
117,"[16, 12, 35, 10751, 28, 14]",62177,87.569,2012-06-21,Brave,7.017,13031
118,"[16, 10751]",38757,124.861,2010-11-24,Tangled,7.6,11057
119,"[16, 12, 35, 10751, 18, 37, 10749]",9023,68.625,2002-05-24,Spirit: Stallion of the Cimarron,7.7,4411
120,"[18, 10749]",4348,79.759,2005-09-16,Pride & Prejudice,8.08,7772
121,[18],492188,39.25,2019-09-28,Marriage Story,7.746,6731
122,"[16, 14, 10751]",12429,66.04,2008-07-19,Ponyo,7.746,4093
123,"[16, 18]",378064,57.859,2016-09-17,A Silent Voice: The Movie,8.379,3782
124,[18],352709,7.726,2002-12-25,Mano Po,7.2,8
125,"[16, 10751, 14]",129,123.774,2001-07-20,Spirited Away,8.537,15912
126,[18],376867,34.174,2016-10-21,Moonlight,7.391,6853
127,"[16, 10751]",12,132.735,2003-05-30,Finding Nemo,7.823,18722
128,[35],673593,155.458,2024-01-10,Mean Girls,6.115,375
129,"[35, 18, 10749, 10402]",313369,67.669,2016-11-29,La La Land,7.902,16330
130,"[16, 10751, 12, 18, 35]",150540,226.112,2015-06-09,Inside Out,7.9,20314
131,"[16, 10749, 14, 10751]",10198,85.17,2009-12-08,The Princess and the Frog,7.205,5336
132,"[10749, 10751, 16, 14]",10020,88.646,1991-10-22,Beauty and the Beast,7.735,9631
133,"[16, 10751, 12]",10674,97.964,1998-06-18,Mulan,7.913,9308
134,"[12, 9648, 80]",497582,44.149,2020-09-23,Enola Holmes,7.288,5830
135,"[12, 14, 16]",128,64.884,1997-07-12,Princess Mononoke,8.34,7685
136,"[35, 18, 10749]",341540,17.068,2015-09-19,No Longer Heroine,6.71,62
137,"[14, 16, 12]",4935,110.525,2004-09-09,Howl's Moving Castle,8.409,9443
138,"[53, 28, 878]",218043,53.269,2014-10-03,Left Behind,4.2,1244
139,"[18, 16, 10749, 10752]",149870,57.641,2013-07-20,The Wind Rises,7.8,2863
140,"[16, 18, 10751, 9648]",242828,42.25,2014-07-19,When Marnie Was There,7.9,1719
141,"[12, 9648, 80]",497582,44.149,2020-09-23,Enola Holmes,7.288,5830
142,"[14, 18, 10749]",8966,125.268,2008-11-20,Twilight,6.3,13112
143,"[16, 10751]",38757,124.861,2010-11-24,Tangled,7.6,11057
144,"[12, 14]",675,121.808,2007-07-08,Harry Potter and the Order of the Phoenix,7.7,18906
145,"[12, 14]",674,133.333,2005-11-16,Harry Potter and the Goblet of Fire,7.814,20079
146,"[36, 18]",82695,51.934,2012-12-18,Les Misérables,7.333,5151
147,"[28, 16, 12, 14, 53]",635302,98.306,2020-10-16,Demon Slayer -Kimetsu no Yaiba- The Movie: Mugen Train,8.229,3693
148,"[36, 18]",82695,51.934,2012-12-18,Les Misérables,7.333,5151
149,"[28, 878, 35, 10751]",454626,102.003,2020-02-12,Sonic the Hedgehog,7.3,9246
150,"[14, 28, 9648]",123553,47.385,2013-08-21,The Mortal Instruments: City of Bones,6.437,4366
151,"[878, 12, 14]",70160,50.003,2012-03-12,The Hunger Games,7.2,21435
152,"[16, 35, 14, 12, 10751]",808,137.857,2001-05-18,Shrek,7.741,16547
153,"[28, 53]",245891,99.493,2014-10-22,John Wick,7.43,18656
154,"[16, 10751, 12]",10674,97.964,1998-06-18,Mulan,7.913,9308
155,"[27, 28, 878]",295830,33.778,2015-08-01,Attack on Titan,6.068,710
156,"[35, 878, 18]",646380,162.657,2021-12-07,Don't Look Up,7.104,7832
157,"[12, 14]",675,121.808,2007-07-08,Harry Potter and the Order of the Phoenix,7.7,18906
158,"[28, 12, 80, 9648]",10528,67.403,2009-12-23,Sherlock Holmes,7.211,13585
159,"[14, 12, 16, 10751]",10191,75.93,2010-03-18,How to Train Your Dragon,7.824,12592
160,"[28, 878]",603,575.344,1999-03-31,The Matrix,8.215,24875
161,"[28, 12, 878]",1771,61.189,2011-07-22,Captain America: The First Avenger,7.0,20905
162,"[28, 12, 878]",157350,55.559,2014-03-14,Divergent,6.918,12494
163,"[10749, 18]",398818,88.106,2017-09-01,Call Me by Your Name,8.1,11749
164,[18],965150,49.786,2022-10-21,Aftersun,7.687,1203
165,"[18, 878, 28]",695721,163.821,2023-11-15,The Hunger Games: The Ballad of Songbirds & Snakes,7.167,2171
166,[18],965150,49.786,2022-10-21,Aftersun,7.687,1203
167,"[12, 14, 28]",122,142.415,2003-12-01,The Lord of the Rings: The Return of the King,8.479,23398
168,"[28, 14]",364,56.236,1992-06-19,Batman Returns,6.924,6263
169,"[12, 14, 28]",22,154.147,2003-07-09,Pirates of the Caribbean: The Curse of the Black Pearl,7.8,19984
170,"[12, 28, 878]",1893,79.305,1999-05-19,Star Wars: Episode I - The Phantom Menace,6.547,14147
171,"[12, 18, 10751, 16]",420818,277.54,2019-07-12,The Lion King,7.1,9688
172,"[18, 28, 10752]",616,56.4,2003-12-05,The Last Samurai,7.585,6615
173,"[16, 35, 10751, 14]",76492,68.009,2012-09-20,Hotel Transylvania,7.0,8333
174,"[28, 12, 14]",284052,436.23,2016-10-25,Doctor Strange,7.423,21583
175,"[28, 12, 878]",429617,124.72,2019-06-28,Spider-Man: Far From Home,7.4,15144
176,"[16, 28, 14]",810693,80.986,2021-12-24,Jujutsu Kaisen 0,8.198,1279
177,"[12, 14]",675,121.808,2007-07-08,Harry Potter and the Order of the Phoenix,7.7,18906
178,"[16, 35, 10751, 14]",568124,150.981,2021-10-13,Encanto,7.6,9159
179,"[10751, 16, 14, 28, 12]",81188,60.361,2012-11-21,Rise of the Guardians,7.361,6486
180,"[878, 12, 28]",76600,194.924,2022-12-14,Avatar: The Way of Water,7.624,11276
181,"[28, 16, 12, 14, 53]",635302,98.306,2020-10-16,Demon Slayer -Kimetsu no Yaiba- The Movie: Mugen Train,8.229,3693
182,"[35, 18]",2108,66.985,1985-02-15,The Breakfast Club,7.747,7759
183,"[18, 80]",278,155.715,1994-09-23,The Shawshank Redemption,8.705,26164
184,"[14, 18, 10749]",162,76.044,1990-12-07,Edward Scissorhands,7.716,12523
185,"[16, 10751, 14]",129,123.774,2001-07-20,Spirited Away,8.537,15914
186,"[12, 14]",671,200.839,2001-11-16,Harry Potter and the Philosopher's Stone,7.913,26545
187,"[14, 16, 12]",4935,110.525,2004-09-09,Howl's Moving Castle,8.409,9443
188,[18],84892,39.28,2012-09-20,The Perks of Being a Wallflower,7.791,10176
189,"[80, 53, 18]",475557,575.209,2019-10-01,Joker,8.161,24579
190,[35],673593,155.458,2024-01-10,Mean Girls,6.115,375
191,"[35, 10749, 18]",4951,55.977,1999-03-30,10 Things I Hate About You,7.6,7782
192,"[16, 10751, 35, 28, 878]",519182,128.719,2024-06-27,Despicable Me 4,0.0,0
193,"[28, 12, 14]",284052,436.23,2016-10-25,Doctor Strange,7.423,21584
194,"[12, 35, 10751, 14]",118,105.767,2005-07-13,Charlie and the Chocolate Factory,7.052,14721
195,"[16, 10751, 14]",129,123.774,2001-07-20,Spirited Away,8.537,15914
196,"[28, 80]",495764,75.459,2020-02-05,Birds of Prey (and the Fantabulous Emancipation of One Harley Quinn),6.931,9981
197,"[12, 10751, 16, 28, 35]",177572,131.083,2014-10-24,Big Hero 6,7.734,15203
198,"[35, 10749]",556678,51.657,2020-02-13,Emma.,7.0,1653
199,"[16, 10751]",38757,124.861,2010-11-24,Tangled,7.6,11057
200,"[12, 878, 28]",299534,240.886,2019-04-24,Avengers: Endgame,8.255,24867
201,"[16, 10751, 12]",10674,97.964,1998-06-18,Mulan,7.913,9308
202,"[16, 35, 10751, 14]",568124,150.981,2021-10-13,Encanto,7.6,9159
203,"[878, 12, 14]",70160,50.003,2012-03-12,The Hunger Games,7.2,21435
204,"[28, 12, 16, 10751, 35]",9502,114.109,2008-06-04,Kung Fu Panda,7.28,11201
205,"[28, 53]",245891,99.493,2014-10-22,John Wick,7.4,18655
206,"[18, 28, 36]",14756,22.939,2008-12-12,Ip Man,7.751,3642
207,"[12, 28, 878]",299536,301.378,2018-04-25,Avengers: Infinity War,8.246,28876
208,"[14, 12]",12445,139.703,2011-07-12,Harry Potter and the Deathly Hallows: Part 2,8.098,19967
209,"[12, 14]",675,121.808,2007-07-08,Harry Potter and the Order of the Phoenix,7.7,18906
210,"[16, 28, 878, 10770]",16237,46.028,2006-09-15,Teen Titans: Trouble in Tokyo,7.8,371
211,"[16, 10751, 12, 18, 35]",150540,226.112,2015-06-09,Inside Out,7.9,20314
212,"[9648, 53, 18]",210577,114.341,2014-10-01,Gone Girl,7.892,18095
213,"[35, 18, 10749, 10402]",313369,67.669,2016-11-29,La La Land,7.902,16330
214,"[28, 12, 878]",157350,55.559,2014-03-14,Divergent,6.918,12493
215,"[35, 80]",337404,87.048,2021-05-26,Cruella,8.026,8981
216,"[18, 35]",350,88.07,2006-06-29,The Devil Wears Prada,7.4,11653
217,"[28, 18, 12]",98,77.123,2000-05-04,Gladiator,8.216,17833
218,"[14, 16, 12]",4935,110.525,2004-09-09,Howl's Moving Castle,8.409,9443
219,"[878, 12]",438631,649.159,2021-09-15,Dune,7.779,11617
220,"[14, 18, 10752]",1417,179.385,2006-10-10,Pan's Labyrinth,7.76,10210
221,"[18, 35, 53]",930564,61.348,2023-11-16,Saltburn,7.1,1982
222,"[28, 12, 16, 10751, 35]",9502,114.109,2008-06-04,Kung Fu Panda,7.28,11201
223,"[16, 18, 12, 14]",916224,69.658,2022-11-11,Suzume,7.993,1113
224,"[53, 9648]",591,47.452,2006-05-17,The Da Vinci Code,6.725,9026
225,"[16, 10751, 12, 14, 35]",502356,238.439,2023-04-05,The Super Mario Bros. Movie,7.676,8420
226,"[16, 28, 12, 878]",569094,187.181,2023-05-31,Spider-Man: Across the Spider-Verse,8.366,6265
227,"[12, 878, 28]",299534,240.886,2019-04-24,Avengers: Endgame,8.255,24868
228,"[28, 16, 35, 10751]",268531,35.015,2017-06-01,Captain Underpants: The First Epic Movie,6.238,1148
229,"[10749, 14, 16]",3933,84.877,2005-09-12,Corpse Bride,7.553,8757
230,"[12, 28, 878]",11,548.205,1977-05-25,Star Wars,8.2,19997
231,"[35, 10749]",2642,27.383,2002-12-19,Two Weeks Notice,6.356,1971
232,"[35, 10749]",1049638,21.353,2023-03-17,Rye Lane,7.098,173
233,"[35, 10749]",508101,22.569,2019-06-14,Plus One,6.948,316
234,"[27, 18, 9648]",530385,62.694,2019-07-03,Midsommar,7.162,6729
235,"[18, 10749]",666277,72.273,2023-06-02,Past Lives,7.801,1292
236,"[10749, 35]",513576,21.928,2019-05-31,Always Be My Maybe,6.647,1280
237,"[18, 12, 878]",286217,86.645,2015-09-30,The Martian,7.7,19212
238,"[28, 878]",557,111.432,2002-05-01,Spider-Man,7.3,18408
239,"[12, 10751, 16, 28, 35]",177572,131.083,2014-10-24,Big Hero 6,7.7,15202
240,"[28, 878, 12]",1726,172.535,2008-04-30,Iron Man,7.644,25736
241,"[10751, 16, 878, 12]",10386,64.353,1999-08-06,The Iron Giant,7.941,5354
242,"[16, 28, 12, 878]",324857,113.278,2018-12-06,Spider-Man: Into the Spider-Verse,8.404,14998
243,"[16, 28, 12, 35, 10751, 878]",523777,25.285,2018-09-07,Next Gen,6.9,735
244,"[12, 35, 878]",105,107.051,1985-07-03,Back to the Future,8.317,19288
245,"[18, 10749, 878]",274870,235.401,2016-12-21,Passengers,6.9,12873
246,[],555879,3.195,1998-12-31,Matrix,6.9,26
247,"[16, 18]",83389,34.233,2011-07-16,From Up on Poppy Hill,7.5,1668
248,"[35, 28, 80]",453127,22.569,2017-08-09,Midnight Runners,7.5,198
249,"[36, 18]",1187743,23.811,2023-12-25,GomBurZa,8.0,1
250,"[14, 16, 12]",4935,110.525,2004-09-09,Howl's Moving Castle,8.409,9443
251,"[16, 10751, 14]",57737,23.617,2011-03-01,Barbie: A Fairy Secret,6.8,474
252,"[14, 16, 12]",4935,110.525,2004-09-09,Howl's Moving Castle,8.409,9443
253,"[18, 35]",20453,52.737,2009-12-23,3 Idiots,7.991,2270
254,"[14, 16, 12]",4935,110.525,2004-09-09,Howl's Moving Castle,8.409,9443
255,"[16, 10751, 12, 14]",109445,107.936,2013-11-20,Frozen,7.2,16069
256,"[16, 35, 10751, 14]",568124,150.981,2021-10-13,Encanto,7.6,9159
257,[35],673593,155.458,2024-01-10,Mean Girls,6.115,375
258,"[16, 28, 14]",810693,80.986,2021-12-24,Jujutsu Kaisen 0,8.198,1279
259,"[16, 28, 14]",810693,80.986,2021-12-24,Jujutsu Kaisen 0,8.198,1279
260,[35],16985,28.304,2009-04-28,Legally Blondes,5.7,247
261,[99],435092,4.194,2015-07-01,Birdman,3.167,5
262,"[18, 36, 10752]",857,93.699,1998-07-24,Saving Private Ryan,8.213,15296
263,"[12, 18, 878]",157336,459.175,2014-11-05,Interstellar,8.434,34340
264,"[18, 10749]",453,85.427,2001-12-14,A Beautiful Mind,7.857,9897
265,"[18, 36, 10752]",424,101.365,1993-12-15,Schindler's List,8.567,15379
266,"[878, 28, 53]",180,45.275,2002-06-20,Minority Report,7.347,8393
267,"[18, 80]",278,155.715,1994-09-23,The Shawshank Redemption,8.705,26163
268,"[35, 18]",840430,106.457,2023-10-27,The Holdovers,7.7,1206
269,"[35, 18, 10749]",13,185.115,1994-06-23,Forrest Gump,8.475,26605
270,"[18, 28, 80, 53]",155,128.536,2008-07-16,The Dark Knight,8.515,31935
271,"[12, 14, 28]",121,103.919,2002-12-18,The Lord of the Rings: The Two Towers,8.395,21149
272,"[35, 10749]",8835,66.642,2001-07-13,Legally Blonde,6.755,3808
273,"[18, 10749]",4348,79.759,2005-09-16,Pride & Prejudice,8.08,7772
274,"[28, 18, 53]",1016346,15.513,2023-08-25,MR-9: Do or Die,5.5,2
275,"[28, 53, 878]",280,126.02,1991-07-03,Terminator 2: Judgment Day,8.115,12367
276,"[35, 10749]",556678,51.657,2020-02-13,Emma.,7.0,1653
277,"[12, 14]",674,133.333,2005-11-16,Harry Potter and the Goblet of Fire,7.814,20080
278,"[28, 80, 53]",10498,26.044,1993-03-19,Point of No Return,6.2,667
279,"[28, 878]",603,575.344,1999-03-31,The Matrix,8.215,24875
280,"[878, 12, 14]",70160,50.003,2012-03-12,The Hunger Games,7.2,21435
281,"[16, 10751, 12, 18, 35]",150540,226.112,2015-06-09,Inside Out,7.9,20314
282,"[16, 10751, 10402, 14, 35]",901362,139.292,2023-10-12,Trolls Band Together,7.343,758
283,"[35, 10749]",8835,66.642,2001-07-13,Legally Blonde,6.755,3808
284,"[10749, 18]",222935,60.276,2014-05-16,The Fault in Our Stars,7.596,10907
285,"[35, 10402, 10749]",114150,43.471,2012-09-28,Pitch Perfect,7.292,6380
286,"[14, 16, 10751]",51739,52.208,2010-07-16,The Secret World of Arrietty,7.656,2705
287,"[35, 12]",346698,569.353,2023-07-19,Barbie,7.1,8238
288,"[16, 35, 10751, 14, 10749]",976573,186.248,2023-06-14,Elemental,7.657,4020
289,"[35, 10749]",1824,55.391,2004-02-13,50 First Dates,6.9,6954
290,"[28, 12, 878, 53]",135397,89.53,2015-06-06,Jurassic World,6.688,19937
291,"[16, 28, 12, 878, 14]",768744,70.599,2021-08-06,My Hero Academia: World Heroes' Mission,7.571,487
292,"[12, 14]",671,200.839,2001-11-16,Harry Potter and the Philosopher's Stone,7.913,26544
293,"[12, 28, 53]",954,128.053,1996-05-22,Mission: Impossible,6.979,8556
294,"[28, 80]",339403,398.941,2017-06-28,Baby Driver,7.451,15204
295,"[16, 28, 12, 878]",569094,187.181,2023-05-31,Spider-Man: Across the Spider-Verse,8.366,6265
296,"[28, 878, 12]",27205,469.381,2010-07-15,Inception,8.368,35717
297,"[28, 80, 18, 53]",9615,14.885,2006-06-03,The Fast and the Furious: Tokyo Drift,6.483,6584
298,"[28, 12, 878]",99861,135.577,2015-04-22,Avengers: Age of Ultron,7.272,22433
299,[35],5881,6.104,2006-11-08,Twice Upon a Time,5.9,14
300,"[10751, 16, 14, 28, 12]",81188,60.361,2012-11-21,Rise of the Guardians,7.361,6486
301,"[16, 878, 28]",1209288,244.194,2024-04-22,Justice League: Crisis on Infinite Earths Part Two,6.538,65
302,"[18, 35]",391713,373.703,2017-09-01,Lady Bird,7.266,8187
303,"[27, 18, 9648]",530385,62.694,2019-07-03,Midsommar,7.162,6729
304,"[9648, 53, 18]",210577,114.341,2014-10-01,Gone Girl,7.892,18095
305,"[35, 18, 10749]",19913,61.108,2009-07-17,(500) Days of Summer,7.282,9753
306,"[18, 35, 10749]",718032,62.355,2021-11-26,Licorice Pizza,6.983,2123
307,"[18, 878]",62215,346.783,2011-05-26,Melancholia,7.2,3372
308,"[18, 35]",350,88.07,2006-06-29,The Devil Wears Prada,7.4,11653
309,"[12, 28, 878]",11,548.205,1977-05-25,Star Wars,8.2,19997
310,"[12, 28, 878]",299536,301.378,2018-04-25,Avengers: Infinity War,8.246,28875
311,"[12, 14, 28]",22,154.147,2003-07-09,Pirates of the Caribbean: The Curse of the Black Pearl,7.8,19983
312,"[16, 10751, 14, 12]",12092,70.415,1951-07-28,Alice in Wonderland,7.193,5669
313,"[12, 28, 878]",11,548.205,1977-05-25,Star Wars,8.203,19999
314,"[16, 35, 10751]",47166,20.069,1938-11-23,Ferdinand the Bull,6.5,162
315,"[35, 18, 10749]",13,185.115,1994-06-23,Forrest Gump,8.475,26606
316,"[28, 878]",137113,54.622,2014-05-27,Edge of Tomorrow,7.6,13386
317,"[12, 28, 878]",11,548.205,1977-05-25,Star Wars,8.2,19997
318,"[27, 878]",348,540.643,1979-05-25,Alien,8.153,13940
319,"[27, 878, 9648]",8413,44.157,1997-08-15,Event Horizon,6.5,2682
320,"[28, 53, 878]",218,603.093,1984-10-26,The Terminator,7.664,12536
321,"[35, 80]",115,57.048,1998-03-06,The Big Lebowski,7.8,10826
322,"[10749, 35]",2064,32.029,1995-04-21,While You Were Sleeping,7.0,1697
323,"[12, 28, 53]",375588,88.536,2018-11-03,Robin Hood,5.9,2868
324,"[18, 10751, 14]",1585,54.977,1946-12-20,It's a Wonderful Life,8.3,4124
325,"[16, 28, 878, 10751, 12]",7450,29.32,2000-06-16,Titan A.E.,6.558,1036
326,"[10749, 18, 10770]",18093,27.208,2007-10-24,Northanger Abbey,6.81,290
327,"[12, 10751, 14, 35, 10749]",2493,50.116,1987-09-25,The Princess Bride,7.7,4379
328,"[28, 18]",361743,144.42,2022-05-21,Top Gun: Maverick,8.221,8587
329,"[12, 14, 28]",9543,58.627,2010-05-19,Prince of Persia: The Sands of Time,6.278,6546
330,"[12, 16, 14]",123,38.55,1978-11-15,The Lord of the Rings,6.566,838
331,"[14, 53, 28, 12, 27]",282035,356.249,2017-06-06,The Mummy,5.51,6982
332,"[10751, 16, 878, 12]",10386,64.353,1999-08-06,The Iron Giant,7.941,5354
333,"[16, 35, 10751, 37, 12]",44896,69.861,2011-03-02,Rango,6.84,6229
334,"[16, 10751, 12, 35, 14]",508965,46.192,2019-11-08,Klaus,8.249,3872
335,"[16, 10751, 878]",10681,93.763,2008-06-22,WALL·E,8.088,18208
336,"[878, 18]",17431,34.094,2009-06-12,Moon,7.568,5482
337,"[16, 53]",10494,55.953,1998-02-28,Perfect Blue,8.306,2472
338,"[878, 18, 28]",315837,110.239,2017-03-29,Ghost in the Shell,6.073,7806
339,"[27, 878]",348,540.643,1979-05-25,Alien,8.153,13941
340,"[12, 14]",671,200.839,2001-11-16,Harry Potter and the Philosopher's Stone,7.913,26545
341,"[18, 10402]",244786,240.611,2014-10-10,Whiplash,8.4,14616
342,"[35, 18, 10749]",13,185.115,1994-06-23,Forrest Gump,8.475,26606
343,"[35, 18, 10749, 10402]",313369,67.669,2016-11-29,La La Land,7.902,16330
344,"[35, 18, 10749, 10402]",313369,67.669,2016-11-29,La La Land,7.902,16330
345,"[12, 14, 28]",122,142.415,2003-12-01,The Lord of the Rings: The Return of the King,8.479,23398
346,"[18, 10749]",4348,79.759,2005-09-16,Pride & Prejudice,8.08,7772
347,"[18, 14, 10749]",556694,48.282,2022-08-24,Three Thousand Years of Longing,6.886,1216
348,"[16, 10751]",11544,58.505,2002-06-21,Lilo & Stitch,7.526,5950
349,"[18, 10749]",4584,31.801,1995-12-13,Sense and Sensibility,7.4,1610
350,"[10402, 35, 28, 80]",525,303.54,1980-06-16,The Blues Brothers,7.741,4026
351,"[10749, 14, 10751, 18]",150689,117.491,2015-03-06,Cinderella,6.813,6906
352,"[14, 12, 28, 10751, 10749]",102651,80.905,2014-05-28,Maleficent,7.1,12796
353,"[16, 10751, 14]",129,123.774,2001-07-20,Spirited Away,8.537,15912
354,"[14, 16, 12]",4935,110.525,2004-09-09,Howl's Moving Castle,8.409,9443
355,"[16, 35, 10751, 12, 14]",585083,95.617,2022-01-31,Hotel Transylvania: Transformania,7.096,2612
356,"[16, 35, 10751, 14]",76492,68.009,2012-09-20,Hotel Transylvania,7.0,8333
357,"[16, 14, 10751]",12429,66.04,2008-07-19,Ponyo,7.746,4093
358,"[12, 16, 14, 10751]",309809,61.701,2015-07-29,The Little Prince,7.608,2693
359,"[18, 14, 10749]",12159,37.695,1998-10-02,What Dreams May Come,7.196,2219
360,"[18, 36]",551332,19.258,2019-11-27,The Two Popes,7.501,2760
361,"[35, 18, 10749]",7326,50.673,2007-12-05,Juno,7.054,6975
362,"[35, 10749]",9602,147.669,1988-06-29,Coming to America,6.881,4175
363,"[35, 878, 12]",926,154.861,1999-12-25,Galaxy Quest,7.1,2129
364,"[12, 14]",12444,134.263,2010-11-17,Harry Potter and the Deathly Hallows: Part 1,7.755,18515
365,"[27, 878]",348,540.643,1979-05-25,Alien,8.153,13940
366,"[18, 10749]",153,99.476,2003-09-18,Lost in Translation,7.395,7058
367,"[18, 10749]",153,99.476,2003-09-18,Lost in Translation,7.395,7058
368,"[28, 12, 35]",293660,528.249,2016-02-09,Deadpool,7.613,29882
369,[18],207,64.071,1989-06-02,Dead Poets Society,8.3,10815
370,"[14, 28, 12, 16, 35, 10751]",82702,70.321,2014-06-05,How to Train Your Dragon 2,7.673,9274
371,"[53, 80]",75656,92.833,2013-05-29,Now You See Me,7.343,15151
372,"[16, 35, 14, 12, 10751]",808,137.857,2001-05-18,Shrek,7.7,16546
373,"[16, 10751, 878]",10681,93.763,2008-06-22,WALL·E,8.088,18208
374,"[16, 10751]",12,132.735,2003-05-30,Finding Nemo,7.823,18721
375,"[35, 10751, 14]",10830,66.741,1996-08-02,Matilda,7.158,4252
376,"[10770, 16, 12, 35, 14, 10402]",537061,32.351,2019-09-02,Steven Universe: The Movie,8.2,806
377,"[28, 35, 10749]",22538,49.375,2010-08-12,Scott Pilgrim vs. the World,7.487,7583
378,"[16, 10751, 14]",14836,141.333,2009-02-05,Coraline,7.87,7502
379,"[28, 12, 35]",293660,528.249,2016-02-09,Deadpool,7.613,29882
380,"[12, 10751, 14, 10749]",447277,127.717,2023-05-18,The Little Mermaid,6.4,2737
381,"[28, 53, 878]",5548,502.229,1987-07-17,RoboCop,7.316,4890
382,"[28, 80, 18]",7220,56.954,2004-04-15,The Punisher,6.349,2715
383,"[12, 18, 878]",157336,459.175,2014-11-05,Interstellar,8.434,34340
384,"[28, 12, 53, 10752]",1369,77.303,1985-05-21,Rambo: First Blood Part II,6.635,3724
385,"[36, 18, 12]",285783,28.319,2015-09-30,The Walk,7.0,3077
386,"[12, 16, 14]",123,38.55,1978-11-15,The Lord of the Rings,6.566,838
387,"[12, 28, 878]",507086,153.682,2022-06-01,Jurassic World Dominion,6.713,5756
388,[28],290764,36.577,2015-01-15,Tracers,6.0,1048
389,"[12, 14]",671,200.839,2001-11-16,Harry Potter and the Philosopher's Stone,7.913,26544
390,"[28, 878, 53, 37]",49849,45.237,2011-07-29,Cowboys & Aliens,5.608,4892
391,"[16, 10751, 878]",10681,93.763,2008-06-22,WALL·E,8.088,18208
392,"[14, 28, 12]",763215,248.251,2024-03-07,Damsel,7.131,1779
393,"[28, 80, 53]",4108,42.188,2002-10-02,The Transporter,6.701,5133
394,"[28, 878, 12]",38356,20.245,2011-06-28,Transformers: Dark of the Moon,6.199,8030
395,"[12, 16, 35, 10751]",10315,47.735,2009-10-23,Fantastic Mr. Fox,7.796,5183
396,"[878, 28]",44943,44.345,2011-03-08,Battle: Los Angeles,5.756,3300
397,"[28, 878]",603,575.344,1999-03-31,The Matrix,8.215,24874
398,"[10751, 16, 35, 14]",481084,60.457,2019-10-10,The Addams Family,6.621,2223
399,"[12, 14, 28]",22,154.147,2003-07-09,Pirates of the Caribbean: The Curse of the Black Pearl,7.8,19983
400,"[28, 53]",245891,99.493,2014-10-22,John Wick,7.4,18655
401,"[16, 10751]",38757,124.861,2010-11-24,Tangled,7.6,11057
402,[35],673593,155.458,2024-01-10,Mean Girls,6.115,375
403,"[35, 12]",346698,569.353,2023-07-19,Barbie,7.1,8238
404,"[16, 12, 10751, 35]",269149,146.974,2016-02-11,Zootopia,7.747,15827
405,"[878, 18]",335984,123.755,2017-10-04,Blade Runner 2049,7.559,13114
406,"[12, 14, 28]",285,93.448,2007-05-19,Pirates of the Caribbean: At World's End,7.253,13871
407,"[16, 28, 12, 878]",324857,113.278,2018-12-06,Spider-Man: Into the Spider-Verse,8.404,14998
408,"[28, 53]",245891,99.493,2014-10-22,John Wick,7.4,18655
409,"[16, 10751]",38757,124.861,2010-11-24,Tangled,7.6,11057
410,"[28, 12]",184315,85.656,2014-07-23,Hercules,5.765,3947
411,"[10751, 14, 12]",12155,91.75,2010-03-03,Alice in Wonderland,6.6,13563
412,"[16, 12, 35, 10751, 28, 14]",62177,87.569,2012-06-21,Brave,7.017,13031
413,"[27, 53, 18, 10402]",298663,5.605,2014-09-26,Sweeney Todd: The Demon Barber of Fleet Street,8.1,7
414,"[27, 9648, 80]",176,60.631,2004-10-01,Saw,7.416,8907
415,"[80, 27, 9648]",4232,242.679,1996-12-20,Scream,7.422,6640
416,[27],377,49.817,1984-10-31,A Nightmare on Elm Street,7.334,4883
417,"[16, 878, 28, 12, 10751]",1857,33.393,1986-08-08,The Transformers: The Movie,7.134,482
418,"[16, 10751, 12, 14]",109445,107.936,2013-11-20,Frozen,7.2,16069
419,"[28, 9648, 878, 53]",198663,165.366,2014-09-10,The Maze Runner,7.182,16506
420,"[35, 53, 27]",593643,102.608,2022-11-17,The Menu,7.185,4416
421,"[16, 35, 10751, 14, 10749]",976573,186.248,2023-06-14,Elemental,7.657,4020
422,"[28, 12, 14]",297761,236.353,2016-08-03,Suicide Squad,5.912,20644
423,"[28, 878]",603,575.344,1999-03-31,The Matrix,8.215,24874
424,"[18, 10402]",213478,5.415,2013-08-08,The Way We Dance,5.4,18
425,"[28, 878, 12]",1726,172.535,2008-04-30,Iron Man,7.644,25736
426,"[36, 18, 53, 10752]",205596,93.777,2014-11-14,The Imitation Game,8.004,16572
427,"[12, 35, 878]",105,107.051,1985-07-03,Back to the Future,8.317,19288
428,"[12, 14]",671,200.839,2001-11-16,Harry Potter and the Philosopher's Stone,7.913,26544
429,"[878, 28, 12, 53]",16320,516.741,2005-09-25,Serenity,7.38,3354
430,"[28, 12, 53]",37724,63.066,2012-10-24,Skyfall,7.237,14846
431,"[878, 18, 53]",14337,74.215,2004-10-08,Primer,6.773,2065
432,"[80, 18, 53]",16136,27.286,1992-01-17,Juice,7.208,375
433,"[12, 18, 10751, 16]",420818,277.54,2019-07-12,The Lion King,7.1,9688
434,"[16, 10749, 14, 10751]",10198,85.17,2009-12-08,The Princess and the Frog,7.205,5336
435,"[16, 28, 14]",810693,80.986,2021-12-24,Jujutsu Kaisen 0,8.198,1279
436,"[878, 12, 14]",70160,50.003,2012-03-12,The Hunger Games,7.2,21435
437,"[18, 16, 10751]",10545,64.899,1996-06-21,The Hunchback of Notre Dame,7.11,4823
438,"[35, 12, 14]",798286,45.45,2023-04-14,Beau Is Afraid,6.737,879
439,"[27, 18]",26517,17.04,1977-10-27,Martin,6.8,252
440,"[80, 18]",9517,25.174,2001-06-15,Bully,6.677,443
441,[18],468,28.405,1991-02-01,My Own Private Idaho,7.06,1078
442,"[27, 18, 10770]",7342,66.65,2002-11-04,Carrie,6.1,462
443,"[80, 18, 9648]",11929,24.822,1995-03-24,Dolores Claiborne,7.2,720
444,[18],43920,15.854,2010-04-24,Dog Pound,7.2,361
445,"[35, 80]",14267,12.79,1974-10-04,Female Trouble,7.0,170
446,"[27, 9648, 53]",493922,81.666,2018-06-07,Hereditary,7.285,7302
447,[18],12498,20.185,1996-08-30,Sling Blade,7.52,739
448,"[878, 18, 10749]",38,90.592,2004-03-19,Eternal Sunshine of the Spotless Mind,8.097,14404
449,[],891850,0.543,2021-11-11,Amélie,0.0,0
450,"[12, 35, 10751, 14]",1108427,39.357,2026-07-09,Moana,0.0,0
451,"[878, 12, 28]",283995,89.797,2017-04-19,Guardians of the Galaxy Vol. 2,7.621,21029
452,"[28, 12, 878]",284053,603.999,2017-10-02,Thor: Ragnarok,7.593,20203
453,"[12, 878, 28]",299534,240.886,2019-04-24,Avengers: Endgame,8.255,24867
454,[18],3558,39.146,1999-12-21,"Girl, Interrupted",7.555,3643
455,"[35, 12]",346698,569.353,2023-07-19,Barbie,7.1,8238
456,"[18, 35]",111969,38.545,2013-06-14,Stuck in Love,7.391,1848
457,"[12, 10751, 14, 35, 10749]",2493,50.116,1987-09-25,The Princess Bride,7.7,4379
458,"[35, 10751]",49522,20.28,2009-11-27,Nativity!,6.259,193
459,"[80, 18, 53]",274,19.098,1991-02-14,The Silence of the Lambs,8.347,15756
460,"[12, 14]",671,200.839,2001-11-16,Harry Potter and the Philosopher's Stone,7.913,26545
461,"[28, 12, 878]",100402,43.606,2014-03-20,Captain America: The Winter Soldier,7.665,18278
462,"[18, 35]",350,88.07,2006-06-29,The Devil Wears Prada,7.4,11653
463,"[28, 12, 14]",284052,436.23,2016-10-25,Doctor Strange,7.423,21583
464,"[28, 12, 878]",1930,138.079,2012-06-23,The Amazing Spider-Man,6.7,16878
465,"[16, 28, 12, 878]",324857,113.278,2018-12-06,Spider-Man: Into the Spider-Verse,8.404,14998
466,"[12, 16, 14, 10751]",961323,100.527,2023-06-23,Nimona,7.942,949
467,"[12, 16, 35, 10751, 14]",11688,123.481,2000-12-15,The Emperor's New Groove,7.558,6449
468,"[12, 14, 28]",120,160.382,2001-12-18,The Lord of the Rings: The Fellowship of the Ring,8.412,24334
469,"[12, 14]",767,125.592,2009-07-15,Harry Potter and the Half-Blood Prince,7.693,18854
470,"[12, 28, 878]",1895,66.166,2005-05-17,Star Wars: Episode III - Revenge of the Sith,7.424,13278
471,"[28, 53]",245891,99.493,2014-10-22,John Wick,7.4,18655
472,"[18, 53, 27]",11481,21.699,1965-06-01,Repulsion,7.421,948
473,"[27, 18, 10770]",7342,66.65,2002-11-04,Carrie,6.1,462
474,"[18, 10749]",1443,50.565,2000-04-21,The Virgin Suicides,7.111,3086
475,"[12, 14]",671,200.839,2001-11-16,Harry Potter and the Philosopher's Stone,7.913,26544
476,"[35, 53, 18]",496243,109.567,2019-05-30,Parasite,8.51,17531
477,"[10749, 35]",52444,9.396,2006-12-07,Seducing Mr. Perfect,6.0,48
478,"[18, 10749]",666277,72.273,2023-06-02,Past Lives,7.801,1293
479,"[12, 35, 80]",134,35.443,2000-08-30,"O Brother, Where Art Thou?",7.3,4000
480,"[35, 10402]",1290563,1.176,2008-07-15,Dr. Horrible's Sing-Along Blog,0.0,0
481,"[14, 10751]",30923,22.484,1999-02-28,Alice in Wonderland,6.32,330
482,[35],9614,60.561,1996-02-16,Happy Gilmore,6.633,2526
483,[18],340485,20.799,2016-09-30,American Honey,6.804,800
484,"[14, 16, 10751, 12]",10150,25.472,1982-11-19,The Last Unicorn,7.1,465
485,[18],14,249.615,1999-09-15,American Beauty,8.019,11707
486,"[18, 10749]",153,99.476,2003-09-18,Lost in Translation,7.395,7058
487,"[28, 53, 10752]",7555,95.201,2008-01-24,Rambo,6.673,3745
488,"[28, 12, 18, 878, 10770]",784993,12.381,2009-07-21,Stargate SG-1: Children of the Gods,7.373,55
489,"[878, 16, 12]",466686,7.91,1979-03-17,Sci-Fi West Saga Starzinger,6.0,1
490,"[12, 14, 28]",22,154.147,2003-07-09,Pirates of the Caribbean: The Curse of the Black Pearl,7.8,19983
491,"[12, 14, 28]",10195,93.858,2011-04-21,Thor,6.769,20640
492,[27],109428,159.055,2013-04-05,Evil Dead,6.535,4416
493,"[12, 28, 53, 878]",563,63.469,1997-11-07,Starship Troopers,7.057,4685
494,"[28, 53, 878]",752,70.199,2006-02-23,V for Vendetta,7.9,14074
495,"[27, 878]",348,540.643,1979-05-25,Alien,8.153,13940
496,"[28, 878]",603,575.344,1999-03-31,The Matrix,8.215,24874
497,"[12, 878, 28]",299534,240.886,2019-04-24,Avengers: Endgame,8.255,24867
498,"[12, 9648, 80]",497582,44.149,2020-09-23,Enola Holmes,7.288,5830
499,"[12, 16, 14]",123,38.55,1978-11-15,The Lord of the Rings,6.566,838
500,"[35, 10752, 18]",515001,45.308,2019-10-18,Jojo Rabbit,8.026,9184
501,"[18, 35]",350,88.07,2006-06-29,The Devil Wears Prada,7.4,11653
502,"[16, 28, 35, 10751]",324849,98.831,2017-02-08,The Lego Batman Movie,7.216,4821
503,"[28, 12, 878]",76341,253.928,2015-05-13,Mad Max: Fury Road,7.6,21679
504,"[12, 28, 878]",299536,301.378,2018-04-25,Avengers: Infinity War,8.246,28876
505,"[80, 18, 53]",274,19.098,1991-02-14,The Silence of the Lambs,8.347,15757
506,"[16, 10749, 14, 10751]",10198,85.17,2009-12-08,The Princess and the Frog,7.205,5336
507,[35],9377,41.564,1986-06-11,Ferris Bueller's Day Off,7.593,4719
508,"[12, 10751, 14, 35, 10749]",2493,50.116,1987-09-25,The Princess Bride,7.7,4379
509,"[18, 10749]",454,48.134,1996-11-01,Romeo + Juliet,6.796,4849
510,"[35, 10749, 80]",239,46.307,1959-03-19,Some Like It Hot,8.1,3335
511,"[16, 10751, 12, 14]",109445,107.936,2013-11-20,Frozen,7.2,16069
512,"[18, 10749]",296096,106.905,2016-06-01,Me Before You,7.925,11965
513,"[878, 18, 10749]",38,90.592,2004-03-19,Eternal Sunshine of the Spotless Mind,8.097,14405
514,"[18, 10749]",331482,63.688,2019-12-25,Little Women,7.885,6037
515,"[16, 10749, 18]",372058,97.786,2016-08-26,Your Name.,8.496,10967
516,"[35, 10749]",930094,80.161,2023-07-27,"Red, White & Royal Blue",8.013,1129
517,"[35, 10749]",930094,80.161,2023-07-27,"Red, White & Royal Blue",8.013,1129
518,"[16, 18, 12, 14]",916224,69.658,2022-11-11,Suzume,7.993,1113
519,[18],7508,33.986,2007-12-21,Like Stars on Earth,7.997,1109
520,"[28, 9648, 53]",27576,35.279,2010-07-21,Salt,6.411,5301
521,[99],430580,1.176,1945-11-24,Merida and Campeche,8.0,1
522,"[35, 18]",937278,99.747,2022-12-28,A Man Called Otto,7.761,2351
523,"[16, 10751, 14]",16859,63.449,1989-07-29,Kiki's Delivery Service,7.828,3875
524,"[12, 14, 28]",10195,93.858,2011-04-21,Thor,6.769,20640
525,"[16, 35, 10751, 14]",2062,136.923,2007-06-21,Ratatouille,7.819,16469
526,"[35, 80]",337404,87.048,2021-05-26,Cruella,8.026,8981
527,"[18, 53]",71859,32.563,2011-09-28,We Need to Talk About Kevin,7.56,2701
528,"[12, 28, 878]",181808,103.466,2017-12-13,Star Wars: The Last Jedi,6.804,14848
529,"[12, 35, 10751, 14]",118,105.767,2005-07-13,Charlie and the Chocolate Factory,7.052,14721
530,"[10751, 16, 35]",20352,90.826,2010-07-08,Despicable Me,7.236,14589
531,[99],493089,4.871,2018-01-23,Chef Flynn,6.3,6
532,"[16, 10751, 12]",10674,97.964,1998-06-18,Mulan,7.913,9308
533,"[16, 28, 35, 10751, 878]",38055,92.518,2010-10-28,Megamind,6.985,6622
534,"[16, 10751, 35]",49444,85.482,2011-05-25,Kung Fu Panda 2,7.016,6862
535,"[16, 28, 12, 878]",324857,113.278,2018-12-06,Spider-Man: Into the Spider-Verse,8.404,14998
536,"[12, 14, 28]",122,142.415,2003-12-01,The Lord of the Rings: The Return of the King,8.479,23396
537,"[35, 18, 10749]",13,185.115,1994-06-23,Forrest Gump,8.475,26605
538,"[878, 28, 12]",1924,503.099,1978-12-14,Superman,7.1,3652
539,"[12, 28, 878]",181808,103.466,2017-12-13,Star Wars: The Last Jedi,6.805,14846
540,"[12, 10751, 14]",411,142.782,2005-12-07,"The Chronicles of Narnia: The Lion, the Witch and the Wardrobe",7.134,10275
541,"[12, 14, 28]",122,142.415,2003-12-01,The Lord of the Rings: The Return of the King,8.479,23396
542,"[12, 14, 10749, 10751]",420817,192.808,2019-05-22,Aladdin,7.1,9749
543,"[16, 28, 12, 878]",324857,113.278,2018-12-06,Spider-Man: Into the Spider-Verse,8.403,14999
544,[18],84892,39.28,2012-09-20,The Perks of Being a Wallflower,7.791,10176
545,"[10752, 36, 18, 12]",57212,42.893,2011-12-25,War Horse,7.308,3292
546,"[10751, 16, 10402, 12]",354912,139.408,2017-10-27,Coco,8.213,18777
547,[27],346364,277.962,2017-09-06,It,7.24,18569
548,"[12, 18, 878]",157336,459.175,2014-11-05,Interstellar,8.434,34340
549,"[12, 14]",675,121.808,2007-07-08,Harry Potter and the Order of the Phoenix,7.681,18907
550,"[12, 28, 878]",1891,67.927,1980-05-20,The Empire Strikes Back,8.39,16447
551,"[12, 14, 28]",121,103.919,2002-12-18,The Lord of the Rings: The Two Towers,8.394,21148
552,"[18, 10749]",289,205.601,1943-01-15,Casablanca,8.161,5208
553,"[18, 878]",11864,45.443,1985-12-12,Enemy Mine,6.944,925
554,"[12, 14]",671,200.839,2001-11-16,Harry Potter and the Philosopher's Stone,7.913,26544
555,"[16, 10751, 14, 12]",9444,52.742,1997-11-20,Anastasia,7.6,5132
556,"[10749, 27, 35, 53]",58431,37.862,2016-02-04,Pride and Prejudice and Zombies,6.148,2104
557,"[18, 10749]",296096,106.905,2016-06-01,Me Before You,7.925,11965
558,"[35, 10402, 10749]",114150,43.471,2012-09-28,Pitch Perfect,7.292,6380
559,"[16, 14, 10749, 18]",533514,45.294,2020-09-18,Violet Evergarden: The Movie,8.254,393
560,"[28, 878, 12]",399579,148.869,2019-01-31,Alita: Battle Angel,7.231,8832
561,"[12, 35, 28, 10749]",248574,28.309,2015-04-23,Barely Lethal,5.736,1013
562,"[53, 878, 18]",97370,33.86,2014-03-14,Under the Skin,6.121,3300
563,[35],373209,10.533,2018-06-22,Izzy Gets the F*ck Across Town,5.4,57
564,"[878, 18, 53]",78,81.072,1982-06-25,Blade Runner,7.936,13342
565,"[28, 53]",562,79.073,1988-07-15,Die Hard,7.787,10761
566,"[35, 28, 80, 12, 53]",2728,20.748,2007-10-18,Postal,4.611,321
567,"[14, 28, 53]",9495,66.708,1994-05-11,The Crow,7.526,3776
568,"[28, 18, 9648, 53]",2501,54.619,2002-06-14,The Bourne Identity,7.469,8971
569,"[12, 14, 28]",22,154.147,2003-07-09,Pirates of the Caribbean: The Curse of the Black Pearl,7.8,19984
570,"[14, 12]",259316,79.378,2016-11-16,Fantastic Beasts and Where to Find Them,7.3,18366
571,"[28, 80, 53]",984,51.916,1971-12-23,Dirty Harry,7.462,2341
572,"[18, 53, 27]",44214,55.032,2010-12-03,Black Swan,7.7,14069
573,"[28, 35, 27]",10206,34.363,1992-07-24,Buffy the Vampire Slayer,5.609,773
574,"[16, 10751, 14]",14836,141.333,2009-02-05,Coraline,7.87,7502
575,"[14, 16, 10751]",9479,62.097,1993-10-09,The Nightmare Before Christmas,7.838,9087
576,"[35, 18, 10749]",13,185.115,1994-06-23,Forrest Gump,8.475,26605
577,"[28, 12, 878]",100402,43.606,2014-03-20,Captain America: The Winter Soldier,7.665,18278
578,"[16, 12, 10751, 35]",269149,146.974,2016-02-11,Zootopia,7.747,15827
579,"[12, 10751, 14]",411,142.782,2005-12-07,"The Chronicles of Narnia: The Lion, the Witch and the Wardrobe",7.134,10275
580,"[12, 14]",671,200.839,2001-11-16,Harry Potter and the Philosopher's Stone,7.913,26544
581,"[12, 14, 28]",22,154.147,2003-07-09,Pirates of the Caribbean: The Curse of the Black Pearl,7.8,19983
582,"[35, 10751, 14]",787699,344.646,2023-12-06,Wonka,7.2,2969
583,[10751],1066143,5.677,2009-12-25,Rapunzel,7.0,2
584,"[18, 80]",238,146.598,1972-03-14,The Godfather,8.7,19834
585,"[12, 14, 16]",128,64.884,1997-07-12,Princess Mononoke,8.34,7685
586,"[878, 12]",438631,649.159,2021-09-15,Dune,7.779,11617
587,"[18, 9648, 27]",1923,30.168,1992-06-03,Twin Peaks: Fire Walk with Me,7.4,1821
588,"[12, 28, 878]",11,548.205,1977-05-25,Star Wars,8.2,19997
589,"[35, 10749]",556678,51.657,2020-02-13,Emma.,7.0,1653
590,"[16, 10751, 14]",16859,63.449,1989-07-29,Kiki's Delivery Service,7.828,3875
591,"[35, 18, 10751, 10402, 10749, 10770]",10947,31.813,2006-01-20,High School Musical,6.567,4460
592,"[35, 10751, 14]",433,48.142,1964-12-17,Mary Poppins,7.6,4517
593,"[18, 80]",238,146.598,1972-03-14,The Godfather,8.7,19834
594,"[12, 28, 878]",11,548.205,1977-05-25,Star Wars,8.2,19997
595,"[12, 16, 10751, 14, 878]",9016,63.397,2002-11-26,Treasure Planet,7.539,4008
596,"[10402, 35, 10749, 18]",11113,36.382,1964-10-21,My Fair Lady,7.5,1240
597,"[18, 10749]",331482,63.688,2019-12-25,Little Women,7.885,6037
598,"[16, 35, 10751, 37, 12]",44896,69.861,2011-03-02,Rango,6.84,6230
599,"[12, 18, 10751, 16]",420818,277.54,2019-07-12,The Lion King,7.1,9688
600,"[28, 16, 878]",11299,29.017,2001-09-01,Cowboy Bebop: The Movie,7.706,841
601,[27],988165,9.644,2022-06-29,H.P. Lovecraft's Witch House,4.865,26
602,"[28, 53]",245891,99.493,2014-10-22,John Wick,7.43,18656
603,"[12, 28, 878]",11,548.205,1977-05-25,Star Wars,8.203,19999
604,"[12, 28]",335977,119.967,2023-06-25,Indiana Jones and the Dial of Destiny,6.597,3041
605,[18],1366,546.057,1976-11-21,Rocky,7.787,7534
606,"[12, 14]",671,200.839,2001-11-16,Harry Potter and the Philosopher's Stone,7.913,26545
607,"[80, 9648, 53]",414906,648.918,2022-03-01,The Batman,7.679,9571
608,"[10751, 16, 12, 35, 14]",330457,111.386,2019-11-20,Frozen II,7.261,9440
609,"[28, 14, 35]",43074,600.984,2016-07-14,Ghostbusters,5.358,6218
610,"[35, 12]",346698,569.353,2023-07-19,Barbie,7.1,8238
611,"[12, 14]",671,200.839,2001-11-16,Harry Potter and the Philosopher's Stone,7.913,26544
612,"[878, 28, 12]",24428,162.612,2012-04-25,The Avengers,7.713,30033
613,"[35, 878, 14, 27]",36685,32.863,1975-08-14,The Rocky Horror Picture Show,7.459,2695
614,"[18, 28, 80, 53]",155,128.536,2008-07-16,The Dark Knight,8.515,31935
615,"[878, 28, 12]",24428,162.612,2012-04-25,The Avengers,7.713,30033
616,"[35, 878, 14, 27]",36685,32.863,1975-08-14,The Rocky Horror Picture Show,7.459,2695
617,"[18, 28, 80, 53]",155,128.536,2008-07-16,The Dark Knight,8.515,31935
618,"[28, 12]",184315,85.656,2014-07-23,Hercules,5.765,3947
619,"[12, 18, 10751, 16]",420818,277.54,2019-07-12,The Lion King,7.1,9688
620,"[80, 18, 53]",274,19.098,1991-02-14,The Silence of the Lambs,8.347,15756
621,"[35, 878, 14, 27]",36685,32.863,1975-08-14,The Rocky Horror Picture Show,7.459,2695
622,"[18, 36]",872585,746.474,2023-07-19,Oppenheimer,8.1,8026
623,"[16, 10749, 18]",372058,97.786,2016-08-26,Your Name.,8.496,10967
624,"[28, 12, 878]",68721,288.102,2013-04-18,Iron Man 3,6.928,21680
625,"[10749, 18]",11036,78.954,2004-06-25,The Notebook,7.888,11111
626,"[80, 9648, 53]",414906,648.918,2022-03-01,The Batman,7.679,9574
627,"[12, 28, 878]",271110,148.446,2016-04-27,Captain America: Civil War,7.442,22166
628,[35],37735,46.637,2010-09-16,Easy A,6.8,6718
629,"[12, 14, 10751]",32657,80.229,2010-02-01,Percy Jackson & the Olympians: The Lightning Thief,6.218,7236
630,"[10749, 35]",185008,17.561,2013-05-31,Yeh Jawaani Hai Deewani,7.2,246
631,"[28, 80]",495764,75.459,2020-02-05,Birds of Prey (and the Fantabulous Emancipation of One Harley Quinn),6.931,9981
632,"[12, 14, 10751]",630,87.526,1939-08-15,The Wizard of Oz,7.586,5340
633,"[12, 14]",671,200.839,2001-11-16,Harry Potter and the Philosopher's Stone,7.913,26545
634,"[12, 10751, 14, 35, 10749]",2493,50.116,1987-09-25,The Princess Bride,7.7,4379
635,"[12, 35, 10751]",9340,74.784,1985-06-07,The Goonies,7.517,5499
636,"[10751, 10402, 12, 14, 35]",11708,32.238,1968-12-17,Chitty Chitty Bang Bang,6.812,621
637,"[12, 28]",85,98.364,1981-06-12,Raiders of the Lost Ark,7.927,12028
638,"[12, 28, 878]",11,548.205,1977-05-25,Star Wars,8.2,19997
639,"[18, 10751, 10402, 10749]",15121,91.711,1965-03-29,The Sound of Music,7.725,3134
640,"[12, 14, 28]",122,142.415,2003-12-01,The Lord of the Rings: The Return of the King,8.479,23396
641,"[12, 10751, 14, 35, 10749]",2493,50.116,1987-09-25,The Princess Bride,7.7,4379
642,"[16, 10751, 12]",10674,97.964,1998-06-18,Mulan,7.913,9308
643,[35],210937,3.254,2001-01-17,Pursuit of Happiness,4.5,2
644,"[18, 35]",350,88.07,2006-06-29,The Devil Wears Prada,7.4,11653
645,[18],223965,8.91,2013-10-18,Barber's Tales,7.6,5
646,"[16, 878, 28, 18]",18491,79.561,1997-07-19,Neon Genesis Evangelion: The End of Evangelion,8.315,1492
647,"[878, 18, 10749]",38,90.592,2004-03-19,Eternal Sunshine of the Spotless Mind,8.097,14404
648,"[27, 878]",48311,17.716,1982-03-12,Parasite,4.8,55
649,"[28, 35, 10749]",22538,49.375,2010-08-12,Scott Pilgrim vs. the World,7.487,7584
650,"[18, 35]",391713,373.703,2017-09-01,Lady Bird,7.266,8187
651,"[16, 35, 10751, 14]",2062,136.923,2007-06-21,Ratatouille,7.819,16469
652,"[35, 10749, 18]",164,48.512,1961-10-06,Breakfast at Tiffany's,7.7,4047
653,"[35, 14, 10749]",10096,49.124,2004-04-13,13 Going on 30,6.744,4963
654,"[35, 10749, 18]",4951,55.977,1999-03-30,10 Things I Hate About You,7.6,7782
655,[18],11023,28.718,2003-08-20,Thirteen,6.6,1560
656,"[12, 14, 28]",22,154.147,2003-07-09,Pirates of the Caribbean: The Curse of the Black Pearl,7.8,19983
657,"[18, 35, 10749]",9779,25.505,2005-06-01,The Sisterhood of the Traveling Pants,6.5,1245
658,"[10749, 18]",11036,78.954,2004-06-25,The Notebook,7.888,11111
659,"[12, 14, 10751]",10601,42.789,2003-12-18,Peter Pan,7.177,2534
660,"[28, 12, 14, 878]",19995,128.849,2009-12-15,Avatar,7.58,30842
661,"[16, 28, 12, 878]",569094,187.181,2023-05-31,Spider-Man: Across the Spider-Verse,8.366,6265
662,"[18, 10749]",38684,30.34,2011-03-11,Jane Eyre,7.2,1408
663,"[12, 14]",671,200.839,2001-11-16,Harry Potter and the Philosopher's Stone,7.913,26544
664,"[28, 12, 35, 80, 53]",4327,42.093,2000-11-02,Charlie's Angels,5.828,4006
665,"[28, 80, 53]",9799,6.44,2001-06-22,The Fast and the Furious,6.978,9647
666,"[12, 16, 14]",123,38.55,1978-11-15,The Lord of the Rings,6.566,838
667,"[28, 80]",24,75.403,2003-10-10,Kill Bill: Vol. 1,7.971,16857
668,"[14, 27, 28, 12]",456740,132.626,2019-04-10,Hellboy,5.557,3278
669,"[28, 53]",245891,99.493,2014-10-22,John Wick,7.4,18655
670,"[14, 53, 28, 12, 27]",282035,356.249,2017-06-06,The Mummy,5.51,6982
671,"[12, 28, 878]",299536,301.378,2018-04-25,Avengers: Infinity War,8.246,28875
672,"[28, 53]",8681,92.026,2008-02-18,Taken,7.391,10838
673,"[53, 28, 80]",156022,115.405,2014-09-24,The Equalizer,7.272,8713
674,[35],9377,41.564,1986-06-11,Ferris Bueller's Day Off,7.593,4719
675,"[14, 53, 28, 12, 27]",282035,356.249,2017-06-06,The Mummy,5.51,6982
676,"[12, 14, 28]",22,154.147,2003-07-09,Pirates of the Caribbean: The Curse of the Black Pearl,7.8,19983
677,"[10751, 16, 35, 14]",481084,60.457,2019-10-10,The Addams Family,6.621,2223
678,"[12, 28, 878]",20526,72.532,2010-12-14,TRON: Legacy,6.469,6913
679,"[12, 10751, 14]",13597,203.839,1986-06-27,Labyrinth,7.3,2308
680,"[16, 35, 10751, 14]",568124,150.981,2021-10-13,Encanto,7.6,9159
681,"[12, 14, 28]",122,142.415,2003-12-01,The Lord of the Rings: The Return of the King,8.479,23396
682,[],791853,0.214,2013-04-17,The Adventures of Tin Liao,0.0,0
683,"[12, 28, 878]",271110,148.446,2016-04-27,Captain America: Civil War,7.442,22166
684,"[18, 28, 36]",14756,22.939,2008-12-12,Ip Man,7.751,3642
685,"[12, 10751, 14]",267935,55.554,2016-06-01,The BFG,6.268,3250
686,"[28, 878, 12]",118340,62.663,2014-07-30,Guardians of the Galaxy,7.907,27426
687,"[12, 28, 878]",299536,301.378,2018-04-25,Avengers: Infinity War,8.246,28875
688,"[28, 35]",746036,232.589,2024-04-24,The Fall Guy,7.421,382
689,"[878, 12, 14]",70160,50.003,2012-03-12,The Hunger Games,7.2,21435
690,"[12, 14, 28]",22,154.147,2003-07-09,Pirates of the Caribbean: The Curse of the Black Pearl,7.8,19983
691,"[12, 14]",671,200.839,2001-11-16,Harry Potter and the Philosopher's Stone,7.913,26544
692,"[18, 28, 80, 53]",155,128.536,2008-07-16,The Dark Knight,8.515,31935
693,"[12, 28, 878]",10138,540.666,2010-04-28,Iron Man 2,6.84,20448
694,"[12, 28, 878]",11,548.205,1977-05-25,Star Wars,8.203,19999
695,"[12, 14]",671,200.839,2001-11-16,Harry Potter and the Philosopher's Stone,7.913,26545
696,"[878, 12, 28]",76600,194.924,2022-12-14,Avatar: The Way of Water,7.624,11276
697,"[28, 53, 878]",296,59.492,2003-07-02,Terminator 3: Rise of the Machines,6.159,6386
698,"[16, 28, 12, 878]",324857,113.278,2018-12-06,Spider-Man: Into the Spider-Verse,8.404,14998
699,"[16, 12, 28, 14, 10402]",900667,70.332,2022-08-06,One Piece Film Red,7.3,901
700,"[28, 878]",603,575.344,1999-03-31,The Matrix,8.215,24874
701,[18],7345,36.996,2007-12-26,There Will Be Blood,8.084,6345
702,"[14, 27]",985,67.775,1978-02-03,Eraserhead,7.4,2300
703,"[53, 18, 80]",1359,84.339,2000-04-13,American Psycho,7.404,10461
704,"[12, 18, 35]",1878,43.774,1998-05-19,Fear and Loathing in Las Vegas,7.2,4433
